,avg_loss,avg_top1,crit,dataset,dataset_path,epc_seed,epoch,epochs,gamma,im_size,input_ch,iter,iter_loss,iter_top1,iters,loader_type,lr,milestones,net,num_classes,optim,optim_kwargs,padded_im_size,phase,pytorch_dataset,seed,test_batch_size,threads,train_batch_size,train_dump_file,training_results_path
2f32a5ebc7,,10.77724358974359,CrossEntropyLoss,STL10,../../data/STL10,0,1,20,0.1,96,3,39,,10.15625,39,Natural,0.5,[],MLP,10,SGD,"{'weight_decay': 0.0005, 'momentum': 0.9}",96,train,True,0,512,4,128,training_results.json,./results
1722a7e4f4,,10.0,CrossEntropyLoss,STL10,../../data/STL10,0,1,20,0.1,96,3,16,,8.75,16,Natural,0.5,[],MLP,10,SGD,"{'weight_decay': 0.0005, 'momentum': 0.9}",96,test,True,0,512,4,128,training_results.json,./results
6dd76bc84f,,9.975961538461538,CrossEntropyLoss,STL10,../../data/STL10,0,2,20,0.1,96,3,39,,11.71875,39,Natural,0.5,[],MLP,10,SGD,"{'weight_decay': 0.0005, 'momentum': 0.9}",96,train,True,0,512,4,128,training_results.json,./results
f46aa3921a,,10.0,CrossEntropyLoss,STL10,../../data/STL10,0,2,20,0.1,96,3,16,,7.8125,16,Natural,0.5,[],MLP,10,SGD,"{'weight_decay': 0.0005, 'momentum': 0.9}",96,test,True,0,512,4,128,training_results.json,./results
