{"2f32a5ebc7": {"dataset": "STL10", "loader_type": "Natural", "pytorch_dataset": true, "dataset_path": "../../data/STL10", "im_size": 96, "padded_im_size": 96, "num_classes": 10, "input_ch": 3, "threads": 4, "epc_seed": 0, "crit": "CrossEntropyLoss", "net": "MLP", "optim": "SGD", "optim_kwargs": {"weight_decay": 0.0005, "momentum": 0.9}, "epochs": 20, "lr": 0.5, "milestones": [], "gamma": 0.1, "train_batch_size": 128, "test_batch_size": 512, "seed": 0, "training_results_path": "./results", "train_dump_file": "training_results.json", "phase": "train", "epoch": 1, "iter": 39, "iters": 39, "iter_top1": 10.15625, "avg_top1": 10.77724358974359, "iter_loss": NaN, "avg_loss": NaN}, "1722a7e4f4": {"dataset": "STL10", "loader_type": "Natural", "pytorch_dataset": true, "dataset_path": "../../data/STL10", "im_size": 96, "padded_im_size": 96, "num_classes": 10, "input_ch": 3, "threads": 4, "epc_seed": 0, "crit": "CrossEntropyLoss", "net": "MLP", "optim": "SGD", "optim_kwargs": {"weight_decay": 0.0005, "momentum": 0.9}, "epochs": 20, "lr": 0.5, "milestones": [], "gamma": 0.1, "train_batch_size": 128, "test_batch_size": 512, "seed": 0, "training_results_path": "./results", "train_dump_file": "training_results.json", "phase": "test", "epoch": 1, "iter": 16, "iters": 16, "iter_top1": 8.75, "avg_top1": 10.0, "iter_loss": NaN, "avg_loss": NaN}, "6dd76bc84f": {"dataset": "STL10", "loader_type": "Natural", "pytorch_dataset": true, "dataset_path": "../../data/STL10", "im_size": 96, "padded_im_size": 96, "num_classes": 10, "input_ch": 3, "threads": 4, "epc_seed": 0, "crit": "CrossEntropyLoss", "net": "MLP", "optim": "SGD", "optim_kwargs": {"weight_decay": 0.0005, "momentum": 0.9}, "epochs": 20, "lr": 0.5, "milestones": [], "gamma": 0.1, "train_batch_size": 128, "test_batch_size": 512, "seed": 0, "training_results_path": "./results", "train_dump_file": "training_results.json", "phase": "train", "epoch": 2, "iter": 39, "iters": 39, "iter_top1": 11.71875, "avg_top1": 9.975961538461538, "iter_loss": NaN, "avg_loss": NaN}, "f46aa3921a": {"dataset": "STL10", "loader_type": "Natural", "pytorch_dataset": true, "dataset_path": "../../data/STL10", "im_size": 96, "padded_im_size": 96, "num_classes": 10, "input_ch": 3, "threads": 4, "epc_seed": 0, "crit": "CrossEntropyLoss", "net": "MLP", "optim": "SGD", "optim_kwargs": {"weight_decay": 0.0005, "momentum": 0.9}, "epochs": 20, "lr": 0.5, "milestones": [], "gamma": 0.1, "train_batch_size": 128, "test_batch_size": 512, "seed": 0, "training_results_path": "./results", "train_dump_file": "training_results.json", "phase": "test", "epoch": 2, "iter": 16, "iters": 16, "iter_top1": 7.8125, "avg_top1": 10.0, "iter_loss": NaN, "avg_loss": NaN}}